kind,requirement_id,text,priority,status,case_id,operation_id,expected_status,verdict
requirement,REQ-001,The health endpoint returns its status and service version header.,must,verified,TC-cdaa34c36bf2,health,200,passed
requirement,REQ-002,A valid widget can be created.,must,verified,TC-49e39d3e97cf,createWidget,201,passed
requirement,REQ-003,A widget name longer than eight characters is rejected.,must,failed,TC-fcf6e146d3f7,createWidget,422,failed
requirement,REQ-004,A widget must include a name.,must,verified,TC-79866774821e,createWidget,422,passed
requirement,REQ-005,A widget name must be a string.,must,verified,TC-118246c9cbae,createWidget,422,passed
requirement,REQ-006,Widget roles are restricted to the documented enum.,must,verified,TC-e19504014f59,createWidget,422,passed
requirement,REQ-007,The secure endpoint rejects unauthenticated requests.,must,verified,TC-bc42e8332169,secure,401,passed
requirement,REQ-008,Deleting a widget returns 204 with no body.,must,failed,TC-13777f5b2f2f,deleteWidget,204,failed
requirement,REQ-009,Reading a widget returns a schema-valid representation.,must,verified,TC-2cefd5bb874c,getWidget,200,passed
requirement,REQ-010,Reading absent widget 999 returns a documented not-found response.,must,verified,TC-bf3867a1d253,getWidget,404,passed
requirement,REQ-011,A one-character widget name is accepted.,must,verified,TC-8b8c2d496cb1,createWidget,201,passed
requirement,REQ-012,The health endpoint responds within one second in this local demo.,should,verified,TC-cdaa34c36bf2,health,200,passed
untraced,,,,,TC-19262f360851,,,passed
untraced,,,,,TC-60a2c5a91e13,,,passed
untraced,,,,,TC-5b33e7a9b87d,,,passed
untraced,,,,,TC-1d5e23f34061,,,passed
untraced,,,,,TC-3672bfd2665c,,,passed
untraced,,,,,TC-34c607faab34,,,passed
untraced,,,,,TC-fe713f895f52,,,passed
untraced,,,,,TC-db1e9b99ffe5,,,passed
untraced,,,,,TC-0581effea7c6,,,passed
untraced,,,,,TC-954d1ad56930,,,passed
untraced,,,,,TC-20a07aed3239,,,passed
untraced,,,,,TC-b38f98f72adc,,,passed
untraced,,,,,TC-0e220c58dd1d,,,passed
untraced,,,,,TC-482de01b6b54,,,passed
untraced,,,,,TC-a45a03da342f,,,passed
untraced,,,,,TC-8f08efa84c7e,,,passed
untraced,,,,,TC-1ea5c02b9cc8,,,passed
untraced,,,,,TC-c87250a04bff,,,passed
untraced,,,,,TC-1fcb60261aea,,,passed
untraced,,,,,TC-1494271a2eb9,,,passed
